FirstName,LastName,PhoneNumber,Email
Franklin,Wong,918-617-7940,Wong@gmail.com,
Alicia,Zelaya,252-288-8428,Zelaya@gmail.com,
Jennifer,Wallace,661-512-9141,Wallace@hotmail.com,
Ramesh,Narayan,312-206-5993,Narayan@yahoo.com,
Joyce,English,218-282-6501,English@gmail.com,
Ahmad,Jabbar,763-754-2500,Jabbar@AOL.com,
James,Borg,806-307-7791,Borg@hotmail.com,
John,Smith,313-272-7990,Smith@yahoo.com,
Melissa,Noord,615-989-5148,Noord@gmail.com,
Harry,Potter,507-874-2121,Potter@test.com,
Ron,Wesley,626-919-2942,Wesley@gmail.com,
Rebecca,Steely,205-956-5752,Steely@hotmail.com,
Emme,Sands,510-970-8918,Sands.1@gmail.com,
Ava,Sands,507-554-3319,Sands345@gmail.com,
Karen,Tree,702-776-0837,Tree78@hotmail.com,
Kyle,Brown,219-395-8806,Brown123@hotmail.com,
Kevin,Jones,916-861-5021,Jones@yahoo.com,
Joseph,Miller,754-223-6254,Miller45@AOL.com,
Benjamin,Simmons,925-386-7810,Simmons@hotmail.com,
Elizabeth,Shivers,609-841-3049,Shivers@gmail.com,
Tessa,Pick,361-349-4627,Pick@AOL.com,
Karishma,Tomlinson,812-435-2154,Karishma44@hotmail.com,
Aiesha,Bowen,310-618-1961,Bowen1988@gmail.com,
Shakira,Drew,617-863-2316,Sdrew.54@gmail.com,
Keiran,Hancock,304-379-4074,Hancock58@hotmail.com,
Lucca,Christensen,305-229-6546,Luccac@gmail.com,
Mckenzie,Ryan,425-284-0553,Ryanm@yahoo.com,
Amanda,Delacruz,303-538-8953,Delacruzamanda@gmail.com,
Darcy,Hammond,806-937-8611,hammonddar@yahoo.com,
Louisa,Crowther,510-224-8759,louisacrow@hotmail.com,
Richie,Norman,720-368-7219,normanrichie@yahoo.com,
Alvin,Lacey,303-397-5260,lacey1989@yahoo.com,
Amira,Woodward,786-224-2448,woodwardamiera2001@hotmail.com,
Norma,Smyth,337-856-9950,smyth123@hotmail.com,
Kwabena,Dean,954-658-5143,deank@AOL.com,
Morgan,Rennie,270-525-1079,rennmorgan@gmail.com,
Anjali,Paterson,786-389-6814,patersona@yahoo.com,
Eleasha,Hartley,413-255-5642,hartley567@gmail.com,
Ariyah,Gentry,408-275-8523,gentry020401@gmail.com,
Emelie,Pena,610-770-8940,emeliepna@yahoo.com,
Tahmid,Blankenship,773-813-3992,tahmidb2015@gmail.com,